id,split,expected,predicted,topic,question,retrieval_question,top1,top2,mean_top5,margin,lexical_overlap,top_chunk,top_pages,query_ms
c-g01,calibration,GROUNDED,,derivatives,What is a derivative?,What is a derivative?,0.6972494125366211,0.6885697841644287,0.6696956753730774,0.008679628372192383,0.0,"of variation (or “fluxion”) was ˙ y. Ifxwas the variable, then its fluxion was called ˙ x. The dot over the letter indicated that it had been differentiated. But this notation does not tell us what is the independent variable with respect to which the differentiation has been effected. When we seedy dt we know that yis to be differentiated with respect to t. If we seedy dx we know that yis to be differentiated with respect to x. But if we see merely ˙ y, we cannot tell without looking at the context whether this is to meandy dxordy dtordy dz, or what is the other variable. So, therefore, this fluxional notation is less informing than the differential notation, and has in consequence largely dropped out of use. But its simplicity gives it an advantage if only we will agree to use it for those cases ex- clusively where time is the independent variable. In that case ˙ ywill meandy dtand ˙uwill meandu dt; and ¨ xwill meand2x dt2. Adopting this fluxional notation we may write the mechanical equa- tions considered in the paragraphs above, as follows: distance x, velocity v= ˙x, acceleration a= ˙v= ¨x, force f=m˙v=m¨x, work w=x×m¨x. Examples. (1) A body moves so that the distance x(in feet), which it travels from a certain point O, is given by the relation x= 0.2t2+ 10.4, where tis the time in seconds elapsed since a certain instant. Find the velocity WHEN TIME VARIES 59 and acceleration 5 seconds after the body began to move, and also find the corresponding values when the distance covered is 100 feet. Find also the average velocity during the first 10 seconds of its motion. (Suppose distances and motion to the right to be positive.) Now x= 0.2t2+ 10.4 v= ˙x=dx dt= 0.4t; and a= ¨x=d2x dt2= 0.4 = constant. When t= 0, x= 10.4 and v= 0. The body started from a point 10.4 feet to the right of the point O; and the time was reckoned from the instant the body started. When t= 5,v= 0.4×5 = 2 ft./sec.; a= 0.4 ft./sec2. When x= 100, 100 = 0 .2t2+ 10.4, or t2= 448, and t= 21.17 sec.; v= 0.4×21.17 = 8 .468 ft./sec. When t= 10, distance travelled = 0 .2×102+ 10.4−10.4 = 20 ft. Average velocity =20 10= 2 ft./sec. (It is the same velocity as the velocity at the",61-80,35.87
c-g02,calibration,GROUNDED,,derivatives,How do you differentiate x squared?,How do you differentiate x squared?,0.674860954284668,0.6681453585624695,0.657312273979187,0.006715595722198486,0.6666666666666666,"so the trick is done. By and bye, when you have learned how to deal with sines, and cosines, and exponentials, you will find this dodge of increasing useful- ness. Examples. Let us practise this dodge on a few examples. (1) Differentiate y=√a+x. Leta+x=u. du dx= 1; y=u1 2;dy du=1 2u−1 2=1 2(a+x)−1 2. dy dx=dy du×du dx=1 2√a+x. (2) Differentiate y=1√ a+x2. Leta+x2=u. du dx= 2x;y=u−1 2;dy du=−1 2u−3 2. dy dx=dy du×du dx=−xp (a+x2)3. CALCULUS MADE EASY 68 (3) Differentiate y= m−nx2 3+p x4 3a . Letm−nx2 3+px−4 3=u. du dx=−2 3nx−1 3−4 3px−7 3; y=ua;dy du=aua−1. dy dx=dy du×du dx=−a m−nx2 3+p x4 3a−1 (2 3nx−1 3+4 3px−7 3). (4) Differentiate y=1√ x3−a2. Letu=x3−a2. du dx= 3x2;y=u−1 2;dy du=−1 2(x3−a2)−3 2. dy dx=dy du×du dx=−3x2 2p (x3−a2)3. (5) Differentiate y=r 1−x 1 +x. Write this as y=(1−x)1 2 (1 +x)1 2. dy dx=(1 +x)1 2d(1−x)1 2 dx−(1−x)1 2d(1 +x)1 2 dx 1 +x. (We may also write y= (1−x)1 2(1 + x)−1 2and differentiate as a product.) Proceeding as in example (1) above, we get d(1−x)1 2 dx=−1 2√1−x; andd(1 +x)1 2 dx=1 2√1 +x. INTRODUCING A USEFUL DODGE 69 Hence dy dx=−(1 +x)1 2 2(1 + x)√1−x−(1−x)1 2 2(1 + x)√1 +x =−1 2√1 +x√1−x−√1−x 2p (1 +x)3; ordy dx=−1 (1 +x)√ 1−x2. (6) Differentiate y=r x3 1 +x2. We may write this y=x3 2(1 +x2)−1 2; dy dx=3 2x1 2(1 +x2)−1 2+x3 2×d (1 +x2)−1 2 dx. Differentiating (1 + x2)−1 2, as shown in example (2) above, we get d (1 +x2)−1 2 dx=−xp (1 +x2)3; so that dy dx=3√x 2√ 1 +x2−√ x5 p (1 +x2)3=√x(3 +x2) 2p (1 +x2)3. (7) Differentiate y= (x+√ x2+x+a)3. Letx+√ x2+x+a=u. du dx= 1 +d (x2+x+a)1 2 dx. y=u3; anddy du= 3u2= 3 x+√ x2+x+a2 .",61-80,31.0
c-g03,calibration,GROUNDED,,notation,What does dy over dx mean?,What does dy over dx mean?,0.6769922971725464,0.6749492883682251,0.6725354790687561,0.002043008804321289,0.5,"before we go on to any further cases, we have two remarks to make. When you are told to equatedy dxto zero, you feel at first (that is if you have any wits of your own) a kind of resentment, because you know thatdy dxhas all sorts of different values at different parts of the curve, according to whether it is sloping up or down. So, when you are suddenly told to write dy dx= 0, you resent it, and feel inclined to say that it can’t be true. Now you will have to understand the essential difference between “an equation,” and “an equation of condition.” Ordinarily you are dealing with equations that are true in themselves, but, on occasions, of which the present are examples, you have to write down equations that are not necessarily true, but are only true if certain conditions are to be fulfilled; and you write them down in order, by solving them, to find the conditions which make them true. Now we want to find the particular value that xhas when the curve is neither sloping up nor sloping down, that is, at the particular place wheredy dx= 0. So, writingdy dx= 0 does notmean that it always is = 0; but you write it down as a condition in order to see how much xwill come out ifdy dxis to be zero. CALCULUS MADE EASY 96 The second remark is one which (if you have any wits of your own) you will probably have already made: namely, that this much-belauded process of equating to zero entirely fails to tell you whether the xthat you thereby find is going to give you a maximum value of yor amin- imum value of y. Quite so. It does not of itself discriminate; it finds for you the right value of xbut leaves you to find out for yourselves whether the corresponding yis a maximum or a minimum. Of course, if you have plotted the curve, you know already which it will be. For instance, take the equation: y= 4x+1 x. Without stopping to think what curve it corresponds to, differenti- ate it, and equate to zero: dy dx= 4−x−2= 4−1 x2= 0; whence x=1 2; and, inserting this value, y= 4 will be either a maximum or else a minimum. But which? You will hereafter be told a way, depending upon a second differentiation, (see Chap.",101-120,27.66
c-g04,calibration,GROUNDED,,rules,What is the derivative of a constant?,What is the derivative of a constant?,0.692524254322052,0.6787998676300049,0.6669012308120728,0.01372438669204712,0.5,"we should get dyv=v du; or if we treat uas a constant, and differentiate with respect to v, we should have: dyu=u dv. The little letters here put as subscripts are to show which quantity has been taken as constant in the operation. PARTIAL DIFFERENTIATION 173 Another way of indicating that the differentiation has been per- formed only partially , that is, has been performed only with respect to oneof the independent variables, is to write the differential coefficients with Greek deltas, like ∂, instead of little d. In this way ∂y ∂u=v, ∂y ∂v=u. If we put in these values for vandurespectively, we shall have dyv=∂y ∂udu, dyu=∂y ∂vdv,  which are partial differentials . But, if you think of it, you will observe that the total variation of y depends on both these things at the same time. That is to say, if both are varying, the real dyought to be written dy=∂y ∂udu+∂y ∂vdv; and this is called a total differential . In some books it is written dy=dy du du+dy dv dv. Example (1). Find the partial differential coefficients of the expres- sionw= 2ax2+ 3bxy+ 4cy3. The answers are: ∂w ∂x= 4ax+ 3by. ∂w ∂y= 3bx+ 12cy2.   CALCULUS MADE EASY 174 The first is obtained by supposing yconstant, the second is obtained by supposing xconstant; then dw= (4ax+ 3by)dx+ (3bx+ 12cy2)dy. Example (2). Let z=xy. Then, treating first yand then xas constant, we get in the usual way ∂z ∂x=yxy−1, ∂z ∂y=xy×logϵx,   so that dz=yxy−1dx+xylogϵx dy. Example (3). A cone having height hand radius of base rhas volume V=1 3πr2h. If its height remains constant, while rchanges, the ratio of change of volume, with respect to radius, is different from ratio of change of volume with respect to height which would occur if the height were varied and the radius kept constant, for ∂V ∂r=2π 3rh, ∂V ∂h=π 3r2.   The variation when both the radius and the height change is given bydV=2π 3rh dV +π 3r2dh. Example (4). In the following example Fandfdenote two ar- bitrary functions of any form whatsoever. For example, they may be sine-functions, or exponentials, or mere algebraic functions of the two PARTIAL DIFFERENTIATION 175 independent variables, tandx. This being understood, let us take the expression y=F(x+at) +f(x−at), or, y=F(w) +f(v); where w=x+at, and v=x−at. Then∂y ∂x=∂F(w) ∂w·∂w ∂x+∂f(v) ∂v·∂v ∂x =F′(w)·1 +f′(v)·1 (where the figure",181-200,31.35
c-g05,calibration,GROUNDED,,applications,How do you find the maximum or minimum of a function?,How do you find the maximum or minimum of a function?,0.7540826797485352,0.7447798252105713,0.7424584031105042,0.009302854537963867,1.0,"so that if m+n+p= a constant number, m×n×pis a maximum when m=n=p. CALCULUS MADE EASY 98 Test Case. Let us at once apply our knowledge to a case that we can test. Let y=x2−x; and let us find whether this function has a maximum or minimum; and if so, test whether it is a maximum or a minimum. Differentiating, we get dy dx= 2x−1. Equating to zero, we get 2x−1 = 0 , whence 2 x= 1, or x=1 2. That is to say, when xis made =1 2, the corresponding value of y will be either a maximum or a minimum. Accordingly, putting x=1 2 in the original equation, we get y= (1 2)2−1 2, or y=−1 4. Is this a maximum or a minimum? To test it, try putting xa little bigger than1 2,—say make x= 0.6. Then y= (0.6)2−0.6 = 0 .36−0.6 =−0.24, which is higher up than −0.25; showing that y=−0.25 is a minimum . Plot the curve for yourself, and verify the calculation. MAXIMA AND MINIMA 99 Further Examples. A most interesting example is afforded by a curve that has both a maximum and a minimum. Its equation is: y=1 3x3−2x2+ 3x+ 1. Nowdy dx=x2−4x+ 3. 1 2 3 4 5123456 −4−3−2−1−1 XY O Fig. 28. Equating to zero, we get the quadratic, x2−4x+ 3 = 0; and solving the quadratic gives us tworoots, viz.   x= 3 x= 1. CALCULUS MADE EASY 100 Now, when x= 3, y= 1; and when x= 1, y= 21 3. The first of these is a minimum, the second a maximum. The curve itself may be plotted (as in Fig. 28) from the values calculated, as below, from the original equation. x−1 0 1 2 3 4 5 6 y−41 31 21 312 31 21 372 319 A further exercise in maxima and minima is afforded by the follow- ing example: The equation to a circle of radius r, having its centre Cat the point whose coordinates are x=a,y=b, as depicted in Fig. 29, is: (y−b)2+ (x−a)2=r2. b axyCr O XY Fig. 29. This may be transformed into y=p r2−(x−a)2+b. MAXIMA AND MINIMA 101 Now we know beforehand, by mere inspection of the figure, that when x=a,ywill be either at its maximum value, b+r, or else at its minimum value, b−r. But let us not take advantage of this knowledge; let us set about finding what value",101-120,32.34
c-g06,calibration,GROUNDED,,integration,What is integration?,What is integration?,0.6370512247085571,0.6254519820213318,0.6250213384628296,0.011599242687225342,1.0,"features of the integral calculus:—that you can’t in- tegrate anything before the reverse process of differentiating something else has yielded that expression which you want to integrate. No one, even to-day, is able to find the general integral of the expression, dy dx=a−x2, because a−x2has never yet been found to result from differentiating anything else. Another simple case. FindZ (x+ 1)( x+ 2)dx. On looking at the function to be integrated, you remark that it is the product of two different functions of x. You could, you think, integrate ( x+1)dxby itself, or ( x+2)dxby itself. Of course you could. But what to do with a product? None of the differentiations you have CALCULUS MADE EASY 198 learned have yielded you for the differential coefficient a product like this. Failing such, the simplest thing is to multiply up the two functions, and then integrate. This gives us Z (x2+ 3x+ 2)dx. And this is the same as Z x2dx+Z 3x dx+Z 2dx. And performing the integrations, we get 1 3x3+3 2x2+ 2x+C. Some other Integrals. Now that we know that integration is the reverse of differentiation, we may at once look up the differential coefficients we already know, and see from what functions they were derived. This gives us the following integrals ready made: x−1(p. 145);Z x−1dx = logϵx+C. 1 x+a(p. 145);Z1 x+adx= logϵ(x+a) +C. ϵx(p. 139);Z ϵxdx =ϵx+C. ϵ−xZ ϵ−xdx =−ϵ−x+C SOME OTHER INTEGRALS 199 (for if y=−1 ϵx,dy dx=−ϵx×0−1×ϵx ϵ2x=ϵ−x). sinx(p. 165);Z sinx dx =−cosx+C. cosx(p. 163);Z cosx dx = sin x+C. Also we may deduce the following: logϵx;Z logϵx dx =x(logϵx−1) +C (for if y=xlogϵx−x,dy dx=x x+ logϵx−1 = logϵx). log10x;Z log10x dx = 0.4343x(logϵx−1) +C. ax(p. 146);Z axdx =ax logϵa+C. cosax;Z cosax dx =1 asinax+C (for if y= sin ax,dy dx=acosax; hence to get cos axone must differen- tiate y=1 asinax). sinax;Z sinax dx =−1 acosax+C. Try also cos2θ; a little dodge will simplify matters: cos 2θ= cos2θ−sin2θ= 2 cos2θ−1; hence cos2θ=1 2(cos 2 θ+ 1), CALCULUS MADE EASY 200 andZ cos2θ dθ=1 2Z (cos 2 θ+ 1)dθ =1 2Z cos 2θ dθ+1 2Z dθ. =sin 2θ 4+θ 2+C.(See also p. 225). See also the Table of Standard Forms on pp. 249–251. You should make such a table for yourself, putting in it only the general functions which you have successfully differentiated and integrated. See to it that it grows steadily! On Double and Triple Integrals.",201-220,31.55
c-g07,calibration,GROUNDED,,integration,How are differentiation and integration related?,How are differentiation and integration related?,0.7039991617202759,0.7022825479507446,0.6910291314125061,0.00171661376953125,0.6666666666666666,"features of the integral calculus:—that you can’t in- tegrate anything before the reverse process of differentiating something else has yielded that expression which you want to integrate. No one, even to-day, is able to find the general integral of the expression, dy dx=a−x2, because a−x2has never yet been found to result from differentiating anything else. Another simple case. FindZ (x+ 1)( x+ 2)dx. On looking at the function to be integrated, you remark that it is the product of two different functions of x. You could, you think, integrate ( x+1)dxby itself, or ( x+2)dxby itself. Of course you could. But what to do with a product? None of the differentiations you have CALCULUS MADE EASY 198 learned have yielded you for the differential coefficient a product like this. Failing such, the simplest thing is to multiply up the two functions, and then integrate. This gives us Z (x2+ 3x+ 2)dx. And this is the same as Z x2dx+Z 3x dx+Z 2dx. And performing the integrations, we get 1 3x3+3 2x2+ 2x+C. Some other Integrals. Now that we know that integration is the reverse of differentiation, we may at once look up the differential coefficients we already know, and see from what functions they were derived. This gives us the following integrals ready made: x−1(p. 145);Z x−1dx = logϵx+C. 1 x+a(p. 145);Z1 x+adx= logϵ(x+a) +C. ϵx(p. 139);Z ϵxdx =ϵx+C. ϵ−xZ ϵ−xdx =−ϵ−x+C SOME OTHER INTEGRALS 199 (for if y=−1 ϵx,dy dx=−ϵx×0−1×ϵx ϵ2x=ϵ−x). sinx(p. 165);Z sinx dx =−cosx+C. cosx(p. 163);Z cosx dx = sin x+C. Also we may deduce the following: logϵx;Z logϵx dx =x(logϵx−1) +C (for if y=xlogϵx−x,dy dx=x x+ logϵx−1 = logϵx). log10x;Z log10x dx = 0.4343x(logϵx−1) +C. ax(p. 146);Z axdx =ax logϵa+C. cosax;Z cosax dx =1 asinax+C (for if y= sin ax,dy dx=acosax; hence to get cos axone must differen- tiate y=1 asinax). sinax;Z sinax dx =−1 acosax+C. Try also cos2θ; a little dodge will simplify matters: cos 2θ= cos2θ−sin2θ= 2 cos2θ−1; hence cos2θ=1 2(cos 2 θ+ 1), CALCULUS MADE EASY 200 andZ cos2θ dθ=1 2Z (cos 2 θ+ 1)dθ =1 2Z cos 2θ dθ+1 2Z dθ. =sin 2θ 4+θ 2+C.(See also p. 225). See also the Table of Standard Forms on pp. 249–251. You should make such a table for yourself, putting in it only the general functions which you have successfully differentiated and integrated. See to it that it grows steadily! On Double and Triple Integrals.",201-220,28.79
c-g08,calibration,GROUNDED,,rules,How do you differentiate a product of two functions?,How do you differentiate a product of two functions?,0.7356981635093689,0.7264965772628784,0.7181552648544312,0.009201586246490479,0.5,"only functions of which the second differ- ential coefficient is equal (and of opposite sign to) the original function. Examples. With what we have so far learned we can now differentiate expres- sions of a more complex nature. (1)y= arc sin x. Ifyis the arc whose sine is x, then x= sin y. dx dy= cos y. Passing now from the inverse function to the original one, we get dy dx=1 dx dy=1 cosy. Now cos y=q 1−sin2y=√ 1−x2; hencedy dx=1√ 1−x2, a rather unexpected result. SINES AND COSINES 169 (2)y= cos3θ. This is the same thing as y= (cos θ)3. Let cos θ=v; then y=v3;dy dv= 3v2. dv dθ=−sinθ. dy dθ=dy dv×dv dθ=−3 cos2θsinθ. (3)y= sin( x+a). Letx+a=v; then y= sin v. dy dv= cos v;dv dx= 1 anddy dx= cos( x+a). (4)y= logϵsinθ. Let sin θ=v;y= logϵv. dy dv=1 v;dv dθ= cos θ; dy dθ=1 sinθ×cosθ= cot θ. (5)y= cot θ=cosθ sinθ. dy dθ=−sin2θ−cos2θ sin2θ =−(1 + cot2θ) =−cosec2θ. (6)y= tan 3 θ. Let 3 θ=v;y= tan v;dy dv= sec2v. dv dθ= 3;dy dθ= 3 sec23θ.",161-180,30.06
c-g09,calibration,GROUNDED,,limits,What is a limit in calculus?,What is a limit in calculus?,0.6308437585830688,0.6253993511199951,0.6222654581069946,0.0054444074630737305,0.5,"the amount you spend in a short CALCULUS MADE EASY 54 time dtbe called dy, the rateof spending it will bedy dt, or rather, should be written with a minus sign, as −dy dt, because dyis adecrement , not an increment. But money is not a good example for the calculus, because it generally comes and goes by jumps, not by a continuous flow—you may earn £200 a year, but it does not keep running in all day long in a thin stream; it comes in only weekly, or monthly, or quarterly, in lumps: and your expenditure also goes out in sudden payments. A more apt illustration of the idea of a rate is furnished by the speed of a moving body. From London (Euston station) to Liverpool is 200 miles. If a train leaves London at 7 o’clock, and reaches Liverpool at 11 o’clock, you know that, since it has travelled 200 miles in 4 hours, its average rate must have been 50 miles per hour; because200 4=50 1. Here you are really making a mental comparison between the distance passed over and the time taken to pass over it. You are dividing one by the other. If yis the whole distance, and tthe whole time, clearly the average rate isy t. Now the speed was not actually constant all the way: at starting, and during the slowing up at the end of the journey, the speed was less. Probably at some part, when running downhill, the speed was over 60 miles an hour. If, during any particular element of time dt, the corresponding element of distance passed over was dy, then at that part of the journey the speed wasdy dt. The rateat which one quantity (in the present instance, distance ) is changing in relation to the other quantity (in this case, time) is properly expressed, then, by stating the differential coefficient of one with respect to the other. Avelocity , scientifically expressed, is the rate at which a very small distance in any given direction is being passed over; and may therefore WHEN TIME VARIES 55 be written v=dy dt. But if the velocity vis not uniform, then it must be either increasing or else decreasing. The rate at which a velocity is increasing is called the acceleration . If a moving body is, at any particular instant, gaining an additional velocity dvin an element of",61-80,30.43
c-g10,calibration,GROUNDED,,rules,Explain the power rule for differentiation.,Explain the power rule for differentiation.,0.7022562026977539,0.6628547310829163,0.6666063070297241,0.039401471614837646,0.5,"EASY 140 Now we might have gone to work the other way, and said: Go to; let us find a function of x, such that its differential coefficient is the same as itself. Or, is there any expression, involving only powers of x, which is unchanged by differentiation? Accordingly; let us assume as a general expression that y=A+Bx+Cx2+Dx3+Ex4+ etc ., (in which the coefficients A,B,C, etc. will have to be determined), and differentiate it. dy dx=B+ 2Cx+ 3Dx2+ 4Ex3+ etc . Now, if this new expression is really to be the same as that from which it was derived, it is clear that Amust =B; that C=B 2=A 1·2; thatD=C 3=A 1·2·3; that E=D 4=A 1·2·3·4, etc. The law of change is therefore that y=A 1 +x 1+x2 1·2+x3 1·2·3+x4 1·2·3·4+ etc . . If, now, we take A= 1 for the sake of further simplicity, we have y= 1 +x 1+x2 1·2+x3 1·2·3+x4 1·2·3·4+ etc . Differentiating it any number of times will give always the same series over again. If, now, we take the particular case of A= 1, and evaluate the THE LAW OF ORGANIC GROWTH 141 series, we shall get simply when x= 1, y = 2.718281 etc.; that is, y=ϵ; when x= 2, y = (2.718281 etc.)2; that is, y=ϵ2; when x= 3, y = (2.718281 etc.)3; that is, y=ϵ3; and therefore when x=x, y = (2.718281 etc .)x; that is, y=ϵx, thus finally demonstrating that ϵx= 1 +x 1+x2 1·2+x3 1·2·3+x4 1·2·3·4+ etc . [Note .—How to read exponentials . For the benefit of those who have no tutor at hand it may be of use to state that ϵxis read as “epsilon to the eksth power ;” or some people read it “ exponential eks .” Soϵptis read “ epsilon to the pee-teeth-power ” or “ exponential pee tee .” Take some similar expressions:—Thus, ϵ−2is read “ epsilon to the minus two power ” or “ exponential minus two .”ϵ−axis read “ epsilon to the minus ay-eksth ” or “ exponential minus ay-eks .”] Of course it follows that ϵyremains unchanged if differentiated with respect to y. Also ϵax, which is equal to ( ϵa)x, will, when differentiated with respect to x, beaϵax, because ais a constant. Natural or Naperian Logarithms. Another reason why ϵis important is because it was made by Napier, the inventor of logarithms, the basis of his system. If",141-160,30.14
c-g11,calibration,GROUNDED,,trigonometry,How do you differentiate a sine function?,How do you differentiate a sine function?,0.7165543437004089,0.6841598153114319,0.681384265422821,0.03239452838897705,1.0,"only functions of which the second differ- ential coefficient is equal (and of opposite sign to) the original function. Examples. With what we have so far learned we can now differentiate expres- sions of a more complex nature. (1)y= arc sin x. Ifyis the arc whose sine is x, then x= sin y. dx dy= cos y. Passing now from the inverse function to the original one, we get dy dx=1 dx dy=1 cosy. Now cos y=q 1−sin2y=√ 1−x2; hencedy dx=1√ 1−x2, a rather unexpected result. SINES AND COSINES 169 (2)y= cos3θ. This is the same thing as y= (cos θ)3. Let cos θ=v; then y=v3;dy dv= 3v2. dv dθ=−sinθ. dy dθ=dy dv×dv dθ=−3 cos2θsinθ. (3)y= sin( x+a). Letx+a=v; then y= sin v. dy dv= cos v;dv dx= 1 anddy dx= cos( x+a). (4)y= logϵsinθ. Let sin θ=v;y= logϵv. dy dv=1 v;dv dθ= cos θ; dy dθ=1 sinθ×cosθ= cot θ. (5)y= cot θ=cosθ sinθ. dy dθ=−sin2θ−cos2θ sin2θ =−(1 + cot2θ) =−cosec2θ. (6)y= tan 3 θ. Let 3 θ=v;y= tan v;dy dv= sec2v. dv dθ= 3;dy dθ= 3 sec23θ.",161-180,30.06
c-g12,calibration,GROUNDED,,higher derivatives,What is a second derivative?,What is a second derivative?,0.6779958009719849,0.6397838592529297,0.6424322724342346,0.038211941719055176,0.0,"ntoNfor which the current is greatest. CHAPTER XII. CURVATURE OF CURVES. Returning to the process of successive differentiation, it may be asked: Why does anybody want to differentiate twice over? We know that when the variable quantities are space and time, by differentiating twice over we get the acceleration of a moving body, and that in the geometrical interpretation, as applied to curves,dy dxmeans the slope of the curve. But what cand2y dx2mean in this case? Clearly it means the rate (per unit of length x) at which the slope is changing—in brief, it isa measure of the curvature of the slope . O XY Fig. 31. O XY Fig. 32. Suppose a slope constant, as in Fig. 31.",101-120,29.3
c-u01,calibration,UNSUPPORTED,,advanced calculus,How is the Lebesgue integral defined?,How is the Lebesgue integral defined?,0.6539015769958496,0.6138291358947754,0.6128047704696655,0.04007244110107422,0.6666666666666666,"not require any value of xbelow x1(that is OM), nor any value of x above x2(that is ON). When an integral is to be thus defined between two limits, we call the lower of the two values the inferior limit , and the upper value the superior limit . Any integral so limited we designate as adefinite integral , by way of distinguishing it from a general integral to which no limits are assigned. In the symbols which give instructions to integrate, the limits are marked by putting them at the top and bottom respectively of the sign of integration. Thus the instruction Zx=x2 x=x1y·dx will be read: find the integral of y·dxbetween the inferior limit x1and the superior limit x2. FINDING AREAS BY INTEGRATING 207 Sometimes the thing is written more simply Zx2 x1y·dx. Well, but how do you find an integral between limits, when you have got these instructions? Look again at Fig. 52 (p. 204). Suppose we could find the area under the larger piece of curve from AtoQ, that is from x= 0 to x=x2, naming the area AQNO . Then, suppose we could find the area under the smaller piece from AtoP, that is from x= 0 to x=x1, namely the area APMO . If then we were to subtract the smaller area from the larger, we should have left as a remainder the area PQNM , which is what we want. Here we have the clue as to what to do; the definite integral between the two limits is the difference between the integral worked out for the superior limit and the integral worked out for the lower limit. Let us then go ahead. First, find the general integral thus: Z y dx, and, as y=b+ax2is the equation to the curve (Fig. 52), Z (b+ax2)dx is the general integral which we must find. Doing the integration in question by the rule (p. 193), we get bx+a 3x3+C; and this will be the whole area from 0 up to any value of xthat we may assign. CALCULUS MADE EASY 208 Therefore, the larger area up to the superior limit x2will be bx2+a 3x3 2+C; and the smaller area up to the inferior limit x1will be bx1+a 3x3 1+C. Now, subtract the smaller from the larger, and we get for the area S the value, areaS=b(x2−x1) +a 3(x3 2−x3 1). This is the answer we wanted.",201-220,29.33
c-u02,calibration,UNSUPPORTED,,vector calculus,Explain Stokes theorem with an example.,Explain Stokes theorem with an example.,0.6372810006141663,0.6370379328727722,0.6227395534515381,0.00024306774139404297,0.25,"here begin to realize that integration is an art . As in all arts, so in this, facility can be acquired only by diligent and regular practice. He who would attain that facility must work out examples, and more examples, and yet more examples, such as are found abundantly in all the regular treatises on the Calculus. Our purpose here must be to afford the briefest introduction to serious work. Example 1. Find the solution of the differential equation ay+bdy dx= 0. Transposing we have bdy dx=−ay. FINDING SOLUTIONS 233 Now the mere inspection of this relation tells us that we have got to do with a case in whichdy dxis proportional to y. If we think of the curve which will represent yas a function of x, it will be such that its slope at any point will be proportional to the ordinate at that point, and will be a negative slope if yis positive. So obviously the curve will be a die-away curve (p. 153), and the solution will contain ϵ−xas a factor. But, without presuming on this bit of sagacity, let us go to work. As both yanddyoccur in the equation and on opposite sides, we can do nothing until we get both yanddyto one side, and dxto the other. To do this, we must split our usually inseparable companions dyanddxfrom one another. dy y=−a bdx. Having done the deed, we now can see that both sides have got into a shape that is integrable, because we recognizedy y, or1 ydy, as a differ- ential that we have met with (p. 143) when differentiating logarithms. So we may at once write down the instructions to integrate,Zdy y=Z −a bdx; and doing the two integrations, we have: logϵy=−a bx+ logϵC, where logϵCis the yet undetermined constant*of integration. Then, *We may write down any form of constant as the “constant of integration,” and the form logϵCis adopted here by preference, because the other terms in this line of equation are, or are treated as logarithms; and it saves complications afterward if the added constant be of the same kind . CALCULUS MADE EASY 234 delogarizing, we get: y=Cϵ−a bx, which is the solution required. Now, this solution looks quite unlike the original differential equation from which it was constructed: yet to an expert mathematician they both convey the same information as to the way in which ydepends on x.",241-260,30.45
c-u03,calibration,UNSUPPORTED,,vector calculus,How do I apply Green's theorem?,How do I apply Green's theorem?,0.6309247016906738,0.6221438050270081,0.6137063503265381,0.008780896663665771,0.2,"have fallen in any given time t. For instance, let tbe 60 minutes. Thent T= 60÷20 = 3, and we shall have to find the value of ϵ−3, and then multiply the original 72◦by this. The table shows that ϵ−3 is 0.0498. So that at the end of 60 minutes the excess of temperature will have fallen to 72◦×0.0498 = 3 .586◦. THE LAW OF ORGANIC GROWTH 157 x ϵxϵ−x1−ϵ−x 0.00 1.0000 1.0000 0.0000 0.10 1.1052 0.9048 0.0952 0.20 1.2214 0.8187 0.1813 0.50 1.6487 0.6065 0.3935 0.75 2.1170 0.4724 0.5276 0.90 2.4596 0.4066 0.5934 1.00 2.7183 0.3679 0.6321 1.10 3.0042 0.3329 0.6671 1.20 3.3201 0.3012 0.6988 1.25 3.4903 0.2865 0.7135 1.50 4.4817 0.2231 0.7769 1.75 5.755 0.1738 0.8262 2.00 7.389 0.1353 0.8647 2.50 12.182 0.0821 0.9179 3.00 20.086 0.0498 0.9502 3.50 33.115 0.0302 0.9698 4.00 54.598 0.0183 0.9817 4.50 90.017 0.0111 0.9889 5.00 148.41 0.0067 0.9933 5.50 244.69 0.0041 0.9959 6.00 403.43 0.00248 0.99752 7.50 1808.04 0.00055 0.99947 10.00 22026 .5 0.000045 0.999955 CALCULUS MADE EASY 158 Further Examples. (1) The strength of an electric current in a conductor at a time tsecs. after the application of the electromotive force producing it is given by the expression C=E Rn 1−ϵ−Rt Lo . The time constant isL R. IfE= 10, R= 1,L= 0.01; then when tis very large the term ϵ−Rt L becomes 1, and C=E R= 10; also L R=T= 0.01. Its value at any time may be written: C= 10−10ϵ−t 0.01, the time-constant being 0 .01. This means that it takes 0 .01 sec. for the variable term to fall by1 ϵ= 0.3678 of its initial value 10 ϵ−0 0.01= 10. To find the value of the current when t= 0.001 sec., say,t T= 0.1, ϵ−0.1= 0.9048 (from table). It follows that, after 0 .001 sec., the variable term is 0 .9048×10 = 9.048, and the actual current is 10 −9.048 = 0 .952. Similarly, at the end of 0 .1 sec., t T= 10; ϵ−10= 0.000045; the variable term is 10 ×0.000045 = 0 .00045, the current being 9 .9995. (2) The intensity Iof a beam of light which has passed through a thickness lcm. of some transparent medium is I=I0ϵ−Kl, where I0is the initial intensity of the beam and Kis a “constant of absorption.” THE LAW OF ORGANIC GROWTH 159 This constant is usually found by experiments. If it be found, for instance, that a beam of",161-180,30.26
c-u04,calibration,UNSUPPORTED,,transforms,What is a Fourier transform?,What is a Fourier transform?,0.6115467548370361,0.611237645149231,0.6035956144332886,0.0003091096878051758,0.0,"only functions of which the second differ- ential coefficient is equal (and of opposite sign to) the original function. Examples. With what we have so far learned we can now differentiate expres- sions of a more complex nature. (1)y= arc sin x. Ifyis the arc whose sine is x, then x= sin y. dx dy= cos y. Passing now from the inverse function to the original one, we get dy dx=1 dx dy=1 cosy. Now cos y=q 1−sin2y=√ 1−x2; hencedy dx=1√ 1−x2, a rather unexpected result. SINES AND COSINES 169 (2)y= cos3θ. This is the same thing as y= (cos θ)3. Let cos θ=v; then y=v3;dy dv= 3v2. dv dθ=−sinθ. dy dθ=dy dv×dv dθ=−3 cos2θsinθ. (3)y= sin( x+a). Letx+a=v; then y= sin v. dy dv= cos v;dv dx= 1 anddy dx= cos( x+a). (4)y= logϵsinθ. Let sin θ=v;y= logϵv. dy dv=1 v;dv dθ= cos θ; dy dθ=1 sinθ×cosθ= cot θ. (5)y= cot θ=cosθ sinθ. dy dθ=−sin2θ−cos2θ sin2θ =−(1 + cot2θ) =−cosec2θ. (6)y= tan 3 θ. Let 3 θ=v;y= tan v;dy dv= sec2v. dv dθ= 3;dy dθ= 3 sec23θ.",161-180,31.07
c-u05,calibration,UNSUPPORTED,,biology,Explain photosynthesis.,Explain photosynthesis.,0.6226702928543091,0.6084949970245361,0.5978339314460754,0.01417529582977295,0.0,"5. (8) Divide a number Ninto two parts in such a way that three times the square of one part plus twice the square of the other part shall be a minimum. (9) The efficiency uof an electric generator at different values of output xis expressed by the general equation: u=x a+bx+cx2; where ais a constant depending chiefly on the energy losses in the iron andca constant depending chiefly on the resistance of the copper parts. Find an expression for that value of the output at which the efficiency will be a maximum. (10) Suppose it to be known that consumption of coal by a certain steamer may be represented by the formula y= 0.3+0.001v3; where yis the number of tons of coal burned per hour and vis the speed expressed in nautical miles per hour. The cost of wages, interest on capital, and depreciation of that ship are together equal, per hour, to the cost of CURVATURE OF CURVES 117 1 ton of coal. What speed will make the total cost of a voyage of 1000 nautical miles a minimum? And, if coal costs 10 shillings per ton, what will that minimum cost of the voyage amount to? (11) Find the maxima and minima of y=±x 6p x(10−x). (12) Find the maxima and minima of y= 4x3−x2−2x+ 1. CHAPTER XIII. OTHER USEFUL DODGES. Partial Fractions. Wehave seen that when we differentiate a fraction we have to perform a rather complicated operation; and, if the fraction is not itself a simple one, the result is bound to be a complicated expression. If we could split the fraction into two or more simpler fractions such that their sum is equivalent to the original fraction, we could then proceed by differentiating each of these simpler expressions. And the result of differentiating would be the sum of two (or more) differentials, each one of which is relatively simple; while the final expression, though of course it will be the same as that which could be obtained without resorting to this dodge, is thus obtained with much less effort and appears in a simplified form. Let us see how to reach this result. Try first the job of adding two fractions together to form a resultant fraction. Take, for example, the two fractions1 x+ 1and2 x−1. Every schoolboy can add these together and find their sum to be3x+ 1 x2−1. And in the same",121-140,32.04
c-u06,calibration,UNSUPPORTED,,astronomy,What causes a solar eclipse?,What causes a solar eclipse?,0.5879279971122742,0.5758525133132935,0.5741268396377563,0.012075483798980713,0.0,"NEXT STAGE. WHAT TO DO WITH CONSTANTS. Inour equations we have regarded xas growing, and as a result of x being made to grow yalso changed its value and grew. We usually think of xas a quantity that we can vary; and, regarding the variation ofxas a sort of cause , we consider the resulting variation of yas an effect . In other words, we regard the value of yas depending on that ofx. Both xandyare variables, but xis the one that we operate upon, andyis the “dependent variable.” In all the preceding chapter we have been trying to find out rules for the proportion which the dependent variation in ybears to the variation independently made in x. Our next step is to find out what effect on the process of differenti- ating is caused by the presence of constants , that is, of numbers which don’t change when xorychange their values. Added Constants. Let us begin with some simple case of an added constant, thus: Let y=x3+ 5. Just as before, let us suppose xto grow to x+dxandyto grow to y+dy. CALCULUS MADE EASY 26 Then: y+dy= (x+dx)3+ 5 =x3+ 3x2dx+ 3x(dx)2+ (dx)3+ 5. Neglecting the small quantities of higher orders, this becomes y+dy=x3+ 3x2·dx+ 5. Subtract the original y=x3+ 5, and we have left: dy= 3x2dx. dy dx= 3x2. So the 5 has quite disappeared. It added nothing to the growth ofx, and does not enter into the differential coefficient. If we had put 7, or 700, or any other number, instead of 5, it would have disappeared. So if we take the letter a, orb, orcto represent any constant, it will simply disappear when we differentiate. If the additional constant had been of negative value, such as −5 or−b, it would equally have disappeared. Multiplied Constants. Take as a simple experiment this case: Lety= 7x2. Then on proceeding as before we get: y+dy= 7(x+dx)2 = 7{x2+ 2x·dx+ (dx)2} = 7x2+ 14x·dx+ 7(dx)2. WHAT TO DO WITH CONSTANTS 27 Then, subtracting the original y= 7x2, and neglecting the last term, we have dy= 14x·dx. dy dx= 14x. Let us illustrate this example by working out the graphs of the equations y= 7x2anddy dx= 14x, by assigning to xa set of successive values, 0, 1, 2, 3, etc., and finding the corresponding values of yand ofdy dx. These values we tabulate as follows: x 0 1 2 3 4",21-40,30.26
c-u07,calibration,UNSUPPORTED,,literature,Who wrote Things Fall Apart?,Who wrote Things Fall Apart?,0.6328034400939941,0.6181169748306274,0.6060881614685059,0.0146864652633667,0.0,"as a,b, orc; while those which we consider as capable of growing, or (as mathematicians say) of “varying,” we de- note by letters from the end of the alphabet, such as x,y,z,u,v,w, or sometimes t. Moreover, we are usually dealing with more than one variable at once, and thinking of the way in which one variable depends on the other: for instance, we think of the way in which the height reached by a projectile depends on the time of attaining that height. Or we are asked to consider a rectangle of given area, and to enquire how any increase in the length of it will compel a corresponding decrease in the breadth of it. Or we think of the way in which any variation in the slope of a ladder will cause the height that it reaches, to vary. Suppose we have got two such variables that depend one on the other. An alteration in one will bring about an alteration in the other, because of this dependence. Let us call one of the variables x, and the",1-20,29.29
c-u08,calibration,UNSUPPORTED,,geography,What is the capital of Japan?,What is the capital of Japan?,0.5609024167060852,0.5555485486984253,0.5538986325263977,0.005353868007659912,0.0,"as a,b, orc; while those which we consider as capable of growing, or (as mathematicians say) of “varying,” we de- note by letters from the end of the alphabet, such as x,y,z,u,v,w, or sometimes t. Moreover, we are usually dealing with more than one variable at once, and thinking of the way in which one variable depends on the other: for instance, we think of the way in which the height reached by a projectile depends on the time of attaining that height. Or we are asked to consider a rectangle of given area, and to enquire how any increase in the length of it will compel a corresponding decrease in the breadth of it. Or we think of the way in which any variation in the slope of a ladder will cause the height that it reaches, to vary. Suppose we have got two such variables that depend one on the other. An alteration in one will bring about an alteration in the other, because of this dependence. Let us call one of the variables x, and the",1-20,29.64
t-g01,test,GROUNDED,UNRESOLVED,infinitesimals,Why may tiny quantities of higher order be ignored?,Why may tiny quantities of higher order be ignored?,0.6474637985229492,0.5942091941833496,0.6021620035171509,0.05325460433959961,0.7142857142857143,"bol, you will henceforth know that it is put there merely to give you instructions that you are now to perform the operation (if you can) of totalling up all the little bits that are indicated by the symbols that follow. That’s all. CHAPTER II. ON DIFFERENT DEGREES OF SMALLNESS. Weshall find that in our processes of calculation we have to deal with small quantities of various degrees of smallness. We shall have also to learn under what circumstances we may con- sider small quantities to be so minute that we may omit them from consideration. Everything depends upon relative minuteness. Before we fix any rules let us think of some familiar cases. There are 60 minutes in the hour, 24 hours in the day, 7 days in the week. There are therefore 1440 minutes in the day and 10080 minutes in the week. Obviously 1 minute is a very small quantity of time compared with a whole week. Indeed, our forefathers considered it small as com- pared with an hour, and called it “one min` ute,” meaning a minute fraction—namely one sixtieth—of an hour. When they came to re- quire still smaller subdivisions of time, they divided each minute into 60 still smaller parts, which, in Queen Elizabeth’s days, they called “second min` utes” ( i.e.small quantities of the second order of minute- ness). Nowadays we call these small quantities of the second order of smallness “seconds.” But few people know whythey are so called. Now if one minute is so small as compared with a whole day, how CALCULUS MADE EASY 4 much smaller by comparison is one second! Again, think of a farthing as compared with a sovereign: it is barely worth more than1 1000part. A farthing more or less is of precious little importance compared with a sovereign: it may certainly be regarded as asmall quantity. But compare a farthing with £1000: relatively to this greater sum, the farthing is of no more importance than1 1000of a farthing would be to a sovereign. Even a golden sovereign is relatively a negligible quantity in the wealth of a millionaire. Now if we fix upon any numerical fraction as constituting the pro- portion which for any purpose we call relatively small, we can easily state other fractions of a higher degree of smallness. Thus if, for the purpose of time,1 60be called a small fraction, then1 60of1 60(being",1-20,30.26
t-g02,test,GROUNDED,UNRESOLVED,rates,How can calculus describe how fast a quantity changes?,How can calculus describe how fast a quantity changes?,0.6599060893058777,0.6564816832542419,0.6483612060546875,0.003424406051635742,0.4,"a similar THE LAW OF ORGANIC GROWTH 155 way. In fact ϵ−atserves as a die-away factor for all those phenomena in which the rate of decrease is proportional to the magnitude of that which is decreasing; or where, in our usual symbols,dy dtis proportional at every moment to the value that yhas at that moment. For we have only to inspect the curve, Fig. 42 above, to see that, at every part of it, the slopedy dxis proportional to the height y; the curve becoming flatter asygrows smaller. In symbols, thus y=bϵ−ax or logϵy= logϵb−axlogϵϵ= logϵb−ax, and, differentiating,1 ydy dx=−a; hencedy dx=bϵ−ax×(−a) =−ay; or, in words, the slope of the curve is downward, and proportional to y and to the constant a. We should have got the same result if we had taken the equation in the form y=bpx; for thendy dx=bpx×logϵp. But logϵp=−a; giving usdy dx=y×(−a) =−ay, as before. CALCULUS MADE EASY 156 The Time-constant. In the expression for the “die-away factor” ϵ−at, the quantity ais the reciprocal of another quantity known as “ the time- constant ,” which we may denote by the symbol T. Then the die-away factor will be written ϵ−t T; and it will be seen, by making t=Tthat the meaning of T or of1 a is that this is the length of time which it takes for the original quantity (called θ0orQ0in the preceding instances) to die away1 ϵth part—that is to 0 .3678—of its original value. The values of ϵxand ϵ−xare continually required in different branches of physics, and as they are given in very few sets of mathemat- ical tables, some of the values are tabulated on p. 157 for convenience. As an example of the use of this table, suppose there is a hot body cooling, and that at the beginning of the experiment ( i.e.when t= 0) it is 72◦hotter than the surrounding objects, and if the time-constant of its cooling is 20 minutes (that is, if it takes 20 minutes for its excess of temperature to fall to1 ϵpart of 72◦), then we can calculate to what it will have fallen in any given time t. For instance, let tbe 60 minutes. Thent T= 60÷20 = 3, and we shall have to find the value of ϵ−3, and then multiply the original 72◦by this. The table shows that ϵ−3 is 0.0498. So that at the end of 60 minutes",161-180,29.54
t-g03,test,GROUNDED,UNRESOLVED,chain rule,How do I differentiate a function inside another function?,How do I differentiate a function inside another function?,0.7225668430328369,0.7136118412017822,0.6995413899421692,0.008955001831054688,0.6,"EASY 140 Now we might have gone to work the other way, and said: Go to; let us find a function of x, such that its differential coefficient is the same as itself. Or, is there any expression, involving only powers of x, which is unchanged by differentiation? Accordingly; let us assume as a general expression that y=A+Bx+Cx2+Dx3+Ex4+ etc ., (in which the coefficients A,B,C, etc. will have to be determined), and differentiate it. dy dx=B+ 2Cx+ 3Dx2+ 4Ex3+ etc . Now, if this new expression is really to be the same as that from which it was derived, it is clear that Amust =B; that C=B 2=A 1·2; thatD=C 3=A 1·2·3; that E=D 4=A 1·2·3·4, etc. The law of change is therefore that y=A 1 +x 1+x2 1·2+x3 1·2·3+x4 1·2·3·4+ etc . . If, now, we take A= 1 for the sake of further simplicity, we have y= 1 +x 1+x2 1·2+x3 1·2·3+x4 1·2·3·4+ etc . Differentiating it any number of times will give always the same series over again. If, now, we take the particular case of A= 1, and evaluate the THE LAW OF ORGANIC GROWTH 141 series, we shall get simply when x= 1, y = 2.718281 etc.; that is, y=ϵ; when x= 2, y = (2.718281 etc.)2; that is, y=ϵ2; when x= 3, y = (2.718281 etc.)3; that is, y=ϵ3; and therefore when x=x, y = (2.718281 etc .)x; that is, y=ϵx, thus finally demonstrating that ϵx= 1 +x 1+x2 1·2+x3 1·2·3+x4 1·2·3·4+ etc . [Note .—How to read exponentials . For the benefit of those who have no tutor at hand it may be of use to state that ϵxis read as “epsilon to the eksth power ;” or some people read it “ exponential eks .” Soϵptis read “ epsilon to the pee-teeth-power ” or “ exponential pee tee .” Take some similar expressions:—Thus, ϵ−2is read “ epsilon to the minus two power ” or “ exponential minus two .”ϵ−axis read “ epsilon to the minus ay-eksth ” or “ exponential minus ay-eks .”] Of course it follows that ϵyremains unchanged if differentiated with respect to y. Also ϵax, which is equal to ( ϵa)x, will, when differentiated with respect to x, beaϵax, because ais a constant. Natural or Naperian Logarithms. Another reason why ϵis important is because it was made by Napier, the inventor of logarithms, the basis of his system. If",141-160,29.89
t-g04,test,GROUNDED,UNRESOLVED,exponentials,What is the derivative of an exponential function?,What is the derivative of an exponential function?,0.6728048920631409,0.6723041534423828,0.6611565351486206,0.0005007386207580566,0.6666666666666666,"EASY 140 Now we might have gone to work the other way, and said: Go to; let us find a function of x, such that its differential coefficient is the same as itself. Or, is there any expression, involving only powers of x, which is unchanged by differentiation? Accordingly; let us assume as a general expression that y=A+Bx+Cx2+Dx3+Ex4+ etc ., (in which the coefficients A,B,C, etc. will have to be determined), and differentiate it. dy dx=B+ 2Cx+ 3Dx2+ 4Ex3+ etc . Now, if this new expression is really to be the same as that from which it was derived, it is clear that Amust =B; that C=B 2=A 1·2; thatD=C 3=A 1·2·3; that E=D 4=A 1·2·3·4, etc. The law of change is therefore that y=A 1 +x 1+x2 1·2+x3 1·2·3+x4 1·2·3·4+ etc . . If, now, we take A= 1 for the sake of further simplicity, we have y= 1 +x 1+x2 1·2+x3 1·2·3+x4 1·2·3·4+ etc . Differentiating it any number of times will give always the same series over again. If, now, we take the particular case of A= 1, and evaluate the THE LAW OF ORGANIC GROWTH 141 series, we shall get simply when x= 1, y = 2.718281 etc.; that is, y=ϵ; when x= 2, y = (2.718281 etc.)2; that is, y=ϵ2; when x= 3, y = (2.718281 etc.)3; that is, y=ϵ3; and therefore when x=x, y = (2.718281 etc .)x; that is, y=ϵx, thus finally demonstrating that ϵx= 1 +x 1+x2 1·2+x3 1·2·3+x4 1·2·3·4+ etc . [Note .—How to read exponentials . For the benefit of those who have no tutor at hand it may be of use to state that ϵxis read as “epsilon to the eksth power ;” or some people read it “ exponential eks .” Soϵptis read “ epsilon to the pee-teeth-power ” or “ exponential pee tee .” Take some similar expressions:—Thus, ϵ−2is read “ epsilon to the minus two power ” or “ exponential minus two .”ϵ−axis read “ epsilon to the minus ay-eksth ” or “ exponential minus ay-eks .”] Of course it follows that ϵyremains unchanged if differentiated with respect to y. Also ϵax, which is equal to ( ϵa)x, will, when differentiated with respect to x, beaϵax, because ais a constant. Natural or Naperian Logarithms. Another reason why ϵis important is because it was made by Napier, the inventor of logarithms, the basis of his system. If",141-160,31.34
t-g05,test,GROUNDED,UNRESOLVED,logarithms,How are logarithms differentiated?,How are logarithms differentiated?,0.7047807574272156,0.6809786558151245,0.6758503913879395,0.023802101612091064,1.0,"with respect to y. Also ϵax, which is equal to ( ϵa)x, will, when differentiated with respect to x, beaϵax, because ais a constant. Natural or Naperian Logarithms. Another reason why ϵis important is because it was made by Napier, the inventor of logarithms, the basis of his system. If yis the value of CALCULUS MADE EASY 142 ϵx, then xis the logarithm , to the base ϵ, ofy. Or, if y=ϵx, then x= logϵy. The two curves plotted in Figs. 38 and 39 represent these equations. The points calculated are: ForFig. 38  x 0 0.5 1 1.5 2 y 1 1.65 2.71 4.50 7.39 ForFig. 39  y 1 2 3 4 8 x 0 0.69 1.10 1.39 2.08 0.5 1 1 .5 212345678 y=ǫx O xy Fig. 39. 1 212345678 x= logǫy O xy Fig. 38. It will be seen that, though the calculations yield different points for plotting, yet the result is identical. The two equations really mean the same thing. THE LAW OF ORGANIC GROWTH 143 As many persons who use ordinary logarithms, which are calcu- lated to base 10 instead of base ϵ, are unfamiliar with the “natural” logarithms, it may be worth while to say a word about them. The or- dinary rule that adding logarithms gives the logarithm of the product still holds good; or logϵa+ logϵb= logϵab. Also the rule of powers holds good; n×logϵa= logϵan. But as 10 is no longer the basis, one cannot multiply by 100 or 1000 by merely adding 2 or 3 to the index. One can change the natural logarithm to the ordinary logarithm simply by multiplying it by 0 .4343; or log10x= 0.4343×logϵx, and conversely, logϵx= 2.3026×log10x. Exponential and Logarithmic Equations. Now let us try our hands at differentiating certain expressions that contain logarithms or exponentials. Take the equation: y= logϵx. First transform this into ϵy=x, whence, since the differential of ϵywith regard to yis the original function unchanged (see p. 139), dx dy=ϵy, CALCULUS MADE EASY 144 A Useful Table of “Naperian Logarithms” (Also called Natural Logarithms or Hyperbolic Logarithms) Number logϵ Number logϵ 1 0.0000 6 1.7918 1.1 0.0953 7 1.9459 1.2 0.1823 8 2.0794 1.5 0.4055 9 2.1972 1.7 0.5306 10 2.3026 2.0 0.6931 20 2.9957 2.2 0.7885 50 3.9120 2.5 0.9163 100 4.6052 2.7 0.9933 200 5.2983 2.8 1.0296 500 6.2146 3.0 1.0986 1 ,000 6.9078 3.5 1.2528 2 ,000",141-160,29.8
t-g06,test,GROUNDED,UNRESOLVED,integration,How can I recover a function when I know its derivative?,How can I recover a function when I know its derivative?,0.7031741142272949,0.6918962001800537,0.6874234080314636,0.011277914047241211,0.42857142857142855,"EASY 140 Now we might have gone to work the other way, and said: Go to; let us find a function of x, such that its differential coefficient is the same as itself. Or, is there any expression, involving only powers of x, which is unchanged by differentiation? Accordingly; let us assume as a general expression that y=A+Bx+Cx2+Dx3+Ex4+ etc ., (in which the coefficients A,B,C, etc. will have to be determined), and differentiate it. dy dx=B+ 2Cx+ 3Dx2+ 4Ex3+ etc . Now, if this new expression is really to be the same as that from which it was derived, it is clear that Amust =B; that C=B 2=A 1·2; thatD=C 3=A 1·2·3; that E=D 4=A 1·2·3·4, etc. The law of change is therefore that y=A 1 +x 1+x2 1·2+x3 1·2·3+x4 1·2·3·4+ etc . . If, now, we take A= 1 for the sake of further simplicity, we have y= 1 +x 1+x2 1·2+x3 1·2·3+x4 1·2·3·4+ etc . Differentiating it any number of times will give always the same series over again. If, now, we take the particular case of A= 1, and evaluate the THE LAW OF ORGANIC GROWTH 141 series, we shall get simply when x= 1, y = 2.718281 etc.; that is, y=ϵ; when x= 2, y = (2.718281 etc.)2; that is, y=ϵ2; when x= 3, y = (2.718281 etc.)3; that is, y=ϵ3; and therefore when x=x, y = (2.718281 etc .)x; that is, y=ϵx, thus finally demonstrating that ϵx= 1 +x 1+x2 1·2+x3 1·2·3+x4 1·2·3·4+ etc . [Note .—How to read exponentials . For the benefit of those who have no tutor at hand it may be of use to state that ϵxis read as “epsilon to the eksth power ;” or some people read it “ exponential eks .” Soϵptis read “ epsilon to the pee-teeth-power ” or “ exponential pee tee .” Take some similar expressions:—Thus, ϵ−2is read “ epsilon to the minus two power ” or “ exponential minus two .”ϵ−axis read “ epsilon to the minus ay-eksth ” or “ exponential minus ay-eks .”] Of course it follows that ϵyremains unchanged if differentiated with respect to y. Also ϵax, which is equal to ( ϵa)x, will, when differentiated with respect to x, beaϵax, because ais a constant. Natural or Naperian Logarithms. Another reason why ϵis important is because it was made by Napier, the inventor of logarithms, the basis of his system. If",141-160,28.64
t-g07,test,GROUNDED,UNRESOLVED,areas,How does integration calculate the area under a curve?,How does integration calculate the area under a curve?,0.750468373298645,0.7168970108032227,0.704268753528595,0.03357136249542236,0.6,"the area of which is twice the area of a polar diagram, is equal to the quadratic mean of all the values ofrfor that polar diagram. (16) Find the volume generated by the curve y=±x 6p x(10−x) rotating about the axis of x. CHAPTER XX. DODGES, PITFALLS, AND TRIUMPHS. Dodges. A great part of the labour of integrating things consists in licking them into some shape that can be integrated. The books—and by this is meant the serious books—on the Integral Calculus are full of plans and methods and dodges and artifices for this kind of work. The following are a few of them. Integration by Parts. This name is given to a dodge, the formula for which is Z u dx =ux−Z x du+C. It is useful in some cases that you can’t tackle directly, for it shows that if in any caseZ x du can be found, thenZ u dx can also be found. The formula can be deduced as follows. From p. 37, we have, d(ux) =u dx+x du, which may be written u(dx) =d(ux)−x du, which by direct integration gives the above expression. DODGES, PITFALLS, AND TRIUMPHS 225 Examples. (1) FindZ w·sinw dw . Write u=w, and for sin w·dwwrite dx. We shall then have du=dw, whileZ sinw·dw=−cosw=x. Putting these into the formula, we get Z w·sinw dw =w(−cosw)−Z −cosw dw =−wcosw+ sin w+C. (2) FindZ xϵxdx. Write u=x, ϵxdx=dv; then du=dx, v =ϵx, andZ xϵxdx=xϵx−Z ϵxdx(by the formula) =xϵx−ϵx=ϵx(x−1) +C. (3) TryZ cos2θ dθ. u= cos θ, cosθ dθ=dv. Hence du=−sinθ dθ, v = sin θ, Z cos2θ dθ= cos θsinθ+Z sin2θ dθ =2 cosθsinθ 2+Z (1−cos2θ)dθ =sin 2θ 2+Z dθ−Z cos2θ dθ. CALCULUS MADE EASY 226 Hence 2Z cos2θ dθ=sin 2θ 2+θ andZ cos2θ dθ=sin 2θ 4+θ 2+C. (4) FindZ x2sinx dx. Write x2=u, sinx dx =dv; then du= 2x dx, v =−cosx, Z x2sinx dx =−x2cosx+ 2Z xcosx dx. Now findZ xcosx dx, integrating by parts (as in Example 1 above): Z xcosx dx =xsinx+ cos x+C. Hence Z x2sinx dx =−x2cosx+ 2xsinx+ 2 cos x+C′ = 2 xsinx+ cos x 1−x2 2 +C′. (5) FindZ√ 1−x2dx. Write u=√ 1−x2, dx =dv; then du=−x dx√ 1−x2(see Chap. IX., p. 66) DODGES, PITFALLS, AND TRIUMPHS 227 andx=v; so that Z√ 1−x2dx=x√ 1−x2+Zx2dx√ 1−x2. Here we may use a little dodge, for we can write Z√ 1−x2dx=Z(1−x2)dx√ 1−x2=Zdx√ 1−x2−Zx2dx√ 1−x2. Adding these two last equations,",221-240,30.08
t-g08,test,GROUNDED,UNRESOLVED,applications,How is the slope of a curve used to locate a turning point?,How is the slope of a curve used to locate a turning point?,0.7461706399917603,0.7307726144790649,0.7207794189453125,0.015398025512695312,0.5,"at any point is dy dx= 4x. For the point where x= 0, this slope is zero; the curve is horizontal. For the point where x=−1 4,dy dx=−1; hence the curve at that point slopes downwards to the right at such an angle θwith the horizontal that tan θ= 1; that is, at 45◦to the horizontal. The slope of the straight line is −1 2; that is, it slopes downwards to the right and makes with the horizontal an angle ϕsuch that tan ϕ=1 2; that is, an angle of 26◦34′. It follows that at the first point the curve cuts the straight line at an angle of 26◦34′, while at the second it cuts it at an angle of 45◦−26◦34′= 18◦26′. (5) A straight line is to be drawn, through a point whose coordinates arex= 2, y=−1, as tangent to the curve y=x2−5x+ 6. Find the coordinates of the point of contact. The slope of the tangent must be the same as thedy dxof the curve; that is, 2 x−5. The equation of the straight line is y=ax+b, and as it is satisfied for the values x= 2,y=−1, then −1 =a×2+b; also, itsdy dx=a= 2x−5. Thexand the yof the point of contact must also satisfy both the equation of the tangent and the equation of the curve. CALCULUS MADE EASY 88 We have then y=x2−5x+ 6, (i) y=ax+b, (ii)  −1 = 2 a+b, (iii) a= 2x−5, (iv) four equations in a,b,x,y. Equations (i) and (ii) give x2−5x+ 6 = ax+b. Replacing aandbby their value in this, we get x2−5x+ 6 = (2 x−5)x−1−2(2x−5), which simplifies to x2−4x+ 3 = 0, the solutions of which are: x= 3 andx= 1. Replacing in (i), we get y= 0 and y= 2 respectively; the two points of contact are then x= 1,y= 2, and x= 3,y= 0. Note. —In all exercises dealing with curves, students will find it ex- tremely instructive to verify the deductions obtained by actually plot- ting the curves. Exercises VIII. (See page 256 for Answers.) (1) Plot the curve y=3 4x2−5, using a scale of millimetres. Measure at points corresponding to different values of x, the angle of its slope. Find, by differentiating the equation, the expression for slope; and see, from a Table of Natural Tangents, whether this agrees with the measured angle. MEANING OF DIFFERENTIATION 89 (2) Find what will be the slope of the",81-100,29.42
t-f01,test,GROUNDED,UNRESOLVED,follow-up,Can you show me a simple example of that?,What is differentiation? Can you show me a simple example of that?,0.7338272929191589,0.7275600433349609,0.7098180651664734,0.006267249584197998,0.25,"of variation (or “fluxion”) was ˙ y. Ifxwas the variable, then its fluxion was called ˙ x. The dot over the letter indicated that it had been differentiated. But this notation does not tell us what is the independent variable with respect to which the differentiation has been effected. When we seedy dt we know that yis to be differentiated with respect to t. If we seedy dx we know that yis to be differentiated with respect to x. But if we see merely ˙ y, we cannot tell without looking at the context whether this is to meandy dxordy dtordy dz, or what is the other variable. So, therefore, this fluxional notation is less informing than the differential notation, and has in consequence largely dropped out of use. But its simplicity gives it an advantage if only we will agree to use it for those cases ex- clusively where time is the independent variable. In that case ˙ ywill meandy dtand ˙uwill meandu dt; and ¨ xwill meand2x dt2. Adopting this fluxional notation we may write the mechanical equa- tions considered in the paragraphs above, as follows: distance x, velocity v= ˙x, acceleration a= ˙v= ¨x, force f=m˙v=m¨x, work w=x×m¨x. Examples. (1) A body moves so that the distance x(in feet), which it travels from a certain point O, is given by the relation x= 0.2t2+ 10.4, where tis the time in seconds elapsed since a certain instant. Find the velocity WHEN TIME VARIES 59 and acceleration 5 seconds after the body began to move, and also find the corresponding values when the distance covered is 100 feet. Find also the average velocity during the first 10 seconds of its motion. (Suppose distances and motion to the right to be positive.) Now x= 0.2t2+ 10.4 v= ˙x=dx dt= 0.4t; and a= ¨x=d2x dt2= 0.4 = constant. When t= 0, x= 10.4 and v= 0. The body started from a point 10.4 feet to the right of the point O; and the time was reckoned from the instant the body started. When t= 5,v= 0.4×5 = 2 ft./sec.; a= 0.4 ft./sec2. When x= 100, 100 = 0 .2t2+ 10.4, or t2= 448, and t= 21.17 sec.; v= 0.4×21.17 = 8 .468 ft./sec. When t= 10, distance travelled = 0 .2×102+ 10.4−10.4 = 20 ft. Average velocity =20 10= 2 ft./sec. (It is the same velocity as the velocity at the",61-80,29.15
t-f02,test,GROUNDED,UNRESOLVED,follow-up,How does it reverse the earlier operation?,What is integration? How does it reverse the earlier operation?,0.670914888381958,0.6678732633590698,0.6478606462478638,0.0030416250228881836,0.75,"must remember that what we have got to sum up together is not all the dx’s, but all such terms as x2dx; and this will notbe the same as x2Z dx, because x2is not a constant. For some of the dx’s will be multiplied by big values of x2, and some will be multiplied by small values of x2, according to what xhappens to be. So we must bethink ourselves as to what we know about this process of integration being the reverse of differentiation. Now, our rule for this reversed process—see p. 189 ante—when dealing with xnis “increase the power by one, and divide by the same number as this increased power.” That is to say, x2dxwill be changed*to1 3x3. Put this into the equation; but don’t forget to add the “constant of integration” Cat the end. So we get: y=1 3x3+C. You have actually performed the integration. How easy! Let us try another simple case. Letdy dx=ax12, where ais any constant multiplier. Well, we found when differentiat- ing (see p. 27) that any constant factor in the value of yreappeared *You may ask, what has become of the little dxat the end? Well, remember that it was really part of the differential coefficient, and when changed over to the right-hand side, as in the x2dx, serves as a reminder that xis the independent variable with respect to which the operation is to be effected; and, as the result of the product being totalled up, the power of xhas increased by one. You will soon become familiar with all this. HOW TO INTEGRATE 193 unchanged in the value ofdy dx. In the reversed process of integrating, it will therefore also reappear in the value of y. So we may go to work as before, thus dy=ax12·dx, Z dy=Z ax12·dx, Z dy=aZ x12dx, y=a×1 13x13+C. So that is done. How easy! We begin to realize now that integrating is a process of finding our way back , as compared with differentiating. If ever, during differentiat- ing, we have found any particular expression—in this example ax12—we can find our way back to the yfrom which it was derived. The contrast between the two processes may be illustrated by the following remark due to a well-known teacher. If a stranger were set down in Trafalgar Square, and told to find his way to Euston Station, he might find the task hopeless. But",201-220,28.94
t-u01,test,UNSUPPORTED,UNRESOLVED,vector calculus,State and prove the divergence theorem.,State and prove the divergence theorem.,0.6228734254837036,0.6044055223464966,0.6051491498947144,0.01846790313720703,0.25,"bol, you will henceforth know that it is put there merely to give you instructions that you are now to perform the operation (if you can) of totalling up all the little bits that are indicated by the symbols that follow. That’s all. CHAPTER II. ON DIFFERENT DEGREES OF SMALLNESS. Weshall find that in our processes of calculation we have to deal with small quantities of various degrees of smallness. We shall have also to learn under what circumstances we may con- sider small quantities to be so minute that we may omit them from consideration. Everything depends upon relative minuteness. Before we fix any rules let us think of some familiar cases. There are 60 minutes in the hour, 24 hours in the day, 7 days in the week. There are therefore 1440 minutes in the day and 10080 minutes in the week. Obviously 1 minute is a very small quantity of time compared with a whole week. Indeed, our forefathers considered it small as com- pared with an hour, and called it “one min` ute,” meaning a minute fraction—namely one sixtieth—of an hour. When they came to re- quire still smaller subdivisions of time, they divided each minute into 60 still smaller parts, which, in Queen Elizabeth’s days, they called “second min` utes” ( i.e.small quantities of the second order of minute- ness). Nowadays we call these small quantities of the second order of smallness “seconds.” But few people know whythey are so called. Now if one minute is so small as compared with a whole day, how CALCULUS MADE EASY 4 much smaller by comparison is one second! Again, think of a farthing as compared with a sovereign: it is barely worth more than1 1000part. A farthing more or less is of precious little importance compared with a sovereign: it may certainly be regarded as asmall quantity. But compare a farthing with £1000: relatively to this greater sum, the farthing is of no more importance than1 1000of a farthing would be to a sovereign. Even a golden sovereign is relatively a negligible quantity in the wealth of a millionaire. Now if we fix upon any numerical fraction as constituting the pro- portion which for any purpose we call relatively small, we can easily state other fractions of a higher degree of smallness. Thus if, for the purpose of time,1 60be called a small fraction, then1 60of1 60(being",1-20,29.47
t-u02,test,UNSUPPORTED,UNRESOLVED,transforms,Use a Laplace transform to solve an equation.,Use a Laplace transform to solve an equation.,0.6881594657897949,0.679280698299408,0.6665935516357422,0.008878767490386963,0.2,"CALCULUS MADE EASY 230 indeed the equation is seen to possess some standard form of which the integral is known, and then the triumph is easy. The equation which results from integrating a differential equation is called*its “solution”; and it is quite astonishing how in many cases the solution looks as if it had no relation to the differential equation of which it is the integrated form. The solution often seems as different from the original expression as a butterfly does from the caterpillar that it was. Who would have supposed that such an innocent thing as dy dx=1 a2−x2 could blossom out into y=1 2alogϵa+x a−x+C? yet the latter is the solution of the former. As a last example, let us work out the above together. By partial fractions, 1 a2−x2=1 2a(a+x)+1 2a(a−x), dy=dx 2a(a+x)+dx 2a(a−x), y=1 2aZdx a+x+Zdx a−x *This means that the actual result of solving it is called its “solution.” But many mathematicians would say, with Professor Forsyth, “every differential equation is considered as solved when the value of the dependent variable is expressed as a function of the independent variable by means either of known functions, or of integrals, whether the integrations in the latter can or cannot be expressed in terms of functions already known.” DODGES, PITFALLS, AND TRIUMPHS 231 =1 2a(logϵ(a+x)−logϵ(a−x)) =1 2alogϵa+x a−x+C. Not a very difficult metamorphosis! There are whole treatises, such as Boole’s Differential Equations , devoted to the subject of thus finding the “solutions” for different orig- inal forms. Exercises XIX. (See p. 266 for Answers.) (1) FindZ√ a2−x2dx. (2) FindZ xlogϵx dx. (3) FindZ xalogϵx dx. (4) FindZ ϵxcosϵxdx. (5) FindZ1 xcos(logϵx)dx. (6) FindZ x2ϵxdx. (7) FindZ(logϵx)a xdx. (8) FindZdx xlogϵx. (9) FindZ5x+ 1 x2+x−2dx. (10) FindZ(x2−3)dx x3−7x+ 6. (11) FindZb dx x2−a2. (12) FindZ4x dx x4−1. (13) FindZdx 1−x4. (14) FindZdx x√ a−bx2. CHAPTER XXI. FINDING SOME SOLUTIONS. Inthis chapter we go to work finding solutions to some important differential equations, using for this purpose the processes shown in the preceding chapters. The beginner, who now knows how easy most of those processes are in themselves, will here begin to realize that integration is an art . As in all arts, so in this, facility can be acquired only by diligent and regular practice. He who would attain that facility must work out examples, and more examples, and yet more examples, such as are found abundantly in",241-260,25.5
t-u03,test,UNSUPPORTED,UNRESOLVED,multivariable calculus,How do you calculate a Jacobian matrix?,How do you calculate a Jacobian matrix?,0.6564781665802002,0.6441410183906555,0.6433596014976501,0.012337148189544678,0.0,"3)2. (12) ax(axa−1+xalogϵa). (14) Min.: y= 0.7 for x= 0.694. (15)1 +x x. (16)3 x(logϵax)2. Exercises XIII. (p. 160.) (1) Lett T=x(∴t= 8x), and use the Table on page 157. (2)T= 34.627; 159 .46 minutes. (3) Take 2 t=x; and use the Table on page 157. (5) ( a)xx(1 + logϵx); (b) 2x(ϵx)x; (c)ϵxx×xx(1 + logϵx). ANSWERS TO EXERCISES 261 (6) 0 .14 second. (7) ( a) 1.642; ( b) 15.58. (8)µ= 0.00037, 31m1 4. (9)iis 63.4% of i0, 220 kilometres. (10) 0 .133, 0 .145, 0 .155, mean 0 .144;−10.2%,−0.9%, +77 .2%. (11) Min. for x=1 ϵ.(12) Max. for x=ϵ. (13) Min. for x= logϵa. Exercises XIV. (p. 170.) (1) (i)dy dθ=Acos θ−π 2 ; (ii)dy dθ= 2 sin θcosθ= sin 2 θanddy dθ= 2 cos 2 θ; (iii)dy dθ= 3 sin2θcosθanddy dθ= 3 cos 3 θ. (2)θ= 45◦orπ 4radians. (3)dy dt=−nsin 2πnt. (4)axlogϵacosax. (5)cosx sinx= cotan x (6) 18 .2 cos ( x+ 26◦). CALCULUS MADE EASY 262 (7) The slope isdy dθ= 100 cos ( θ−15◦), which is a maximum when (θ−15◦) = 0, or θ= 15◦; the value of the slope being then = 100. When θ= 75◦the slope is 100 cos(75◦−15◦) = 100 cos 60◦= 100×1 2= 50. (8) cos θsin 2θ+ 2 cos 2 θsinθ= 2 sin θ cos2θ+ cos 2 θ = 2 sin θ 3 cos2θ−1 . (9)amnθn−1tanm−1(θn) sec2θn. (10) ϵx sin2x+ sin 2 x ;ϵx sin2x+ 2 sin 2 x+ 2 cos 2 x . (11) ( i)dy dx=ab (x+b)2; (ii)a bϵ−x b; (iii)1 90◦×ab (b2+x2). (12) (i)dy dx= sec xtanx; (ii)dy dx=−1√ 1−x2; (iii)dy dx=1 1 +x2; (iv)dy dx=1 x√ x2−1; (v)dy dx=√ 3 secx(3 sec2x−1) 2. (13)dy dθ= 4.6 (2θ+ 3)1.3cos (2 θ+ 3)2.3. (14)dy dθ= 3θ2+ 3 cos ( θ+ 3)−logϵ3 cosθ×3sinθ+ 3θ . (15) θ= cot θ;θ=±0.86; is max. for + θ, min. for −θ. ANSWERS TO EXERCISES 263 Exercises XV. (p. 177.) (1)x3−6x2y−2y2;1 3−2x3−4xy. (2) 2 xyz+y2z+z2y+ 2xy2z2; 2xyz+x2z+xz2+ 2x2yz2; 2xyz+x2y+xy2+ 2x2y2z. (3)1 r{(x−a) + (y−b) + (z−c)}=(x+y+z)−(a+b+c) r;3 r. (4)dy=vuv−1du+uvlogϵu dv. (5)dy= 3 sin vu2du+u3cosv dv, dy=usinxu−1cosx dx+ (sin x)ulogϵsinxdu, dy=1 v1 udu−logϵu1 v2dv. (7) Minimum for x=y=−1 2. (8) ( a) Length 2 feet, width = depth = 1 foot, vol. = 2 cubic feet. (b) Radius =2 πfeet = 7 .46 in., length = 2 feet, vol. = 2 .54. (9) All three parts equal; the product is maximum. (10) Minimum for x=y=",261-280,29.19
t-u04,test,UNSUPPORTED,UNRESOLVED,complex analysis,Explain contour integration in the complex plane.,Explain contour integration in the complex plane.,0.6373294591903687,0.6339412331581116,0.6253350377082825,0.00338822603225708,0.2,"only functions of which the second differ- ential coefficient is equal (and of opposite sign to) the original function. Examples. With what we have so far learned we can now differentiate expres- sions of a more complex nature. (1)y= arc sin x. Ifyis the arc whose sine is x, then x= sin y. dx dy= cos y. Passing now from the inverse function to the original one, we get dy dx=1 dx dy=1 cosy. Now cos y=q 1−sin2y=√ 1−x2; hencedy dx=1√ 1−x2, a rather unexpected result. SINES AND COSINES 169 (2)y= cos3θ. This is the same thing as y= (cos θ)3. Let cos θ=v; then y=v3;dy dv= 3v2. dv dθ=−sinθ. dy dθ=dy dv×dv dθ=−3 cos2θsinθ. (3)y= sin( x+a). Letx+a=v; then y= sin v. dy dv= cos v;dv dx= 1 anddy dx= cos( x+a). (4)y= logϵsinθ. Let sin θ=v;y= logϵv. dy dv=1 v;dv dθ= cos θ; dy dθ=1 sinθ×cosθ= cot θ. (5)y= cot θ=cosθ sinθ. dy dθ=−sin2θ−cos2θ sin2θ =−(1 + cot2θ) =−cosec2θ. (6)y= tan 3 θ. Let 3 θ=v;y= tan v;dy dv= sec2v. dv dθ= 3;dy dθ= 3 sec23θ.",161-180,29.14
t-u05,test,UNSUPPORTED,UNRESOLVED,differential equations,Classify second-order partial differential equations.,Classify second-order partial differential equations.,0.6855331659317017,0.6596870422363281,0.6565811038017273,0.025846123695373535,0.5,"we should get dyv=v du; or if we treat uas a constant, and differentiate with respect to v, we should have: dyu=u dv. The little letters here put as subscripts are to show which quantity has been taken as constant in the operation. PARTIAL DIFFERENTIATION 173 Another way of indicating that the differentiation has been per- formed only partially , that is, has been performed only with respect to oneof the independent variables, is to write the differential coefficients with Greek deltas, like ∂, instead of little d. In this way ∂y ∂u=v, ∂y ∂v=u. If we put in these values for vandurespectively, we shall have dyv=∂y ∂udu, dyu=∂y ∂vdv,  which are partial differentials . But, if you think of it, you will observe that the total variation of y depends on both these things at the same time. That is to say, if both are varying, the real dyought to be written dy=∂y ∂udu+∂y ∂vdv; and this is called a total differential . In some books it is written dy=dy du du+dy dv dv. Example (1). Find the partial differential coefficients of the expres- sionw= 2ax2+ 3bxy+ 4cy3. The answers are: ∂w ∂x= 4ax+ 3by. ∂w ∂y= 3bx+ 12cy2.   CALCULUS MADE EASY 174 The first is obtained by supposing yconstant, the second is obtained by supposing xconstant; then dw= (4ax+ 3by)dx+ (3bx+ 12cy2)dy. Example (2). Let z=xy. Then, treating first yand then xas constant, we get in the usual way ∂z ∂x=yxy−1, ∂z ∂y=xy×logϵx,   so that dz=yxy−1dx+xylogϵx dy. Example (3). A cone having height hand radius of base rhas volume V=1 3πr2h. If its height remains constant, while rchanges, the ratio of change of volume, with respect to radius, is different from ratio of change of volume with respect to height which would occur if the height were varied and the radius kept constant, for ∂V ∂r=2π 3rh, ∂V ∂h=π 3r2.   The variation when both the radius and the height change is given bydV=2π 3rh dV +π 3r2dh. Example (4). In the following example Fandfdenote two ar- bitrary functions of any form whatsoever. For example, they may be sine-functions, or exponentials, or mere algebraic functions of the two PARTIAL DIFFERENTIATION 175 independent variables, tandx. This being understood, let us take the expression y=F(x+at) +f(x−at), or, y=F(w) +f(v); where w=x+at, and v=x−at. Then∂y ∂x=∂F(w) ∂w·∂w ∂x+∂f(v) ∂v·∂v ∂x =F′(w)·1 +f′(v)·1 (where the figure",181-200,29.06
t-u06,test,UNSUPPORTED,UNRESOLVED,analysis,Give an epsilon-delta proof of continuity.,Give an epsilon-delta proof of continuity.,0.6226202249526978,0.6170147061347961,0.6135501265525818,0.005605518817901611,0.2,"that what one fool can do, other fools can do also , it lets you see that these mathematical swells, who pride themselves on having mastered such an awfully difficult subject as the calculus, have no such great reason to be puffed up. They like you to think how terribly difficult it is, and don’t want that superstition to be rudely dissipated. Thirdly, among the dreadful things they will say about “So Easy” is this: that there is an utter failure on the part of the author to demonstrate with rigid and satisfactory completeness the validity of sundry methods which he has presented in simple fashion, and has even dared to use in solving problems! But why should he not? You don’t forbid the use of a watch to every person who does not know how CALCULUS MADE EASY 248 to make one? You don’t object to the musician playing on a violin that he has not himself constructed. You don’t teach the rules of syntax to children until they have already become fluent in the useof speech. It would be equally absurd to require general rigid demonstrations to be expounded to beginners in the calculus. One other thing will the professed mathematicians say about this thoroughly bad and vicious book: that the reason why it is so easy is because the author has left out all the things that are really difficult. And the ghastly fact about this accusation is that— it is true! That is, indeed, why the book has been written—written for the legion of innocents who have hitherto been deterred from acquiring the elements of the calculus by the stupid way in which its teaching is almost al- ways presented. Any subject can be made repulsive by presenting it bristling with difficulties. The aim of this book is to enable beginners to learn its language, to acquire familiarity with its endearing sim- plicities, and to grasp its powerful methods of solving problems, with- out being compelled to toil through the intricate out-of-the-way (and mostly irrelevant) mathematical gymnastics so dear to the unpractical mathematician. There are amongst young engineers a number on whose ears the adage that what one fool can do, another can , may fall with a familiar sound. They are earnestly requested not to give the author away, nor to tell the mathematicians what a fool he really is. TABLE OF STANDARD FORMS. dy",241-260,23.05
t-u07,test,UNSUPPORTED,UNRESOLVED,series,Find a Taylor series with a rigorous remainder bound.,Find a Taylor series with a rigorous remainder bound.,0.6492111086845398,0.6458064317703247,0.6323703527450562,0.003404676914215088,0.16666666666666666,"part of the curve y=x−x2, which is shown in Fig. 60. To find the mean ordinate, we NM 11/4 OY Fig. 60. shall have to find the area of the piece OMN , and then divide it by the length of the base ON. But before we can find the area we must ascertain the length of the base, so as to know up to what limit we are to integrate. At Nthe ordinate yhas zero value; therefore, we must look at the equation and see what value of xwill make y= 0. Now, clearly, if xis 0,ywill also be 0, the curve passing through the origin O; but also, if x= 1, y= 0; so that x= 1 gives us the position of the point N. CALCULUS MADE EASY 216 Then the area wanted is =Zx=1 x=0(x−x2)dx =1 2x2−1 3x31 0 =1 2−1 3 −[0−0] =1 6. But the base length is 1. Therefore, the average ordinate of the curve =1 6. [N.B.—It will be a pretty and simple exercise in maxima and minima to find by differentiation what is the height of the maximum ordinate. Itmust be greater than the average.] The mean ordinate of any curve, over a range from x= 0 to x=x1, is given by the expression, mean y=1 x1Zx=x1 x=0y·dx. One can also find in the same way the surface area of a solid of revolution. Example. The curve y=x2−5 is revolving about the axis of x. Find the area of the surface generated by the curve between x= 0 and x= 6. A point on the curve, the ordinate of which is y, describes a circum- ference of length 2 πy, and a narrow belt of the surface, of width dx, corresponding to this point, has for area 2 πy dx . The total area is 2πZx=6 x=0y dx= 2πZx=6 x=0(x2−5)dx= 2πx3 3−5x6 0 = 6.28×42 = 263 .76. FINDING AREAS BY INTEGRATING 217 Areas in Polar Coordinates. When the equation of the boundary of an area is given as a function of the distance rof a point of it from a fixed point O(see Fig. 61) called thepole, and of the angle which rmakes with the positive horizontal A B r dθ θ O X Fig. 61. direction OX, the process just explained can be applied just as easily, with a small modification. Instead of a strip of area, we consider a",221-240,29.98
t-u08,test,UNSUPPORTED,UNRESOLVED,vector calculus,How do you compute a gradient vector field?,How do you compute a gradient vector field?,0.6370611190795898,0.6219428777694702,0.6178930401802063,0.015118241310119629,0.0,"CALCULUS MADE EASY 130 It follows thatdy dx=−1 3p (θ+ 5)4, as might have been found oth- erwise. We shall find this dodge most useful later on; meanwhile you are advised to become familiar with it by verifying by its means the results obtained in Exercises I. (p. 24), Nos. 5, 6, 7; Examples (p. 67), Nos. 1, 2, 4; and Exercises VI. (p. 72), Nos. 1, 2, 3 and 4. You will surely realize from this chapter and the preceding, that in many respects the calculus is an artrather than a science : an art only to be acquired, as all other arts are, by practice. Hence you should work many examples, and set yourself other examples, to see if you can work them out, until the various artifices become familiar by use. CHAPTER XIV. ON TRUE COMPOUND INTEREST AND THE LAW OF ORGANIC GROWTH. Let there be a quantity growing in such a way that the increment of its growth, during a given time, shall always be proportional to its own magnitude. This resembles the process of reckoning interest on money at some fixed rate; for the bigger the capital, the bigger the amount of interest on it in a given time. Now we must distinguish clearly between two cases, in our calcula- tion, according as the calculation is made by what the arithmetic books call “simple interest,” or by what they call “compound interest.” For in the former case the capital remains fixed, while in the latter the interest is added to the capital, which therefore increases by successive additions. (1)At simple interest. Consider a concrete case. Let the capital at start be £100, and let the rate of interest be 10 per cent. per annum. Then the increment to the owner of the capital will be £10 every year. Let him go on drawing his interest every year, and hoard it by putting it by in a stocking, or locking it up in his safe. Then, if he goes on for 10 years, by the end of that time he will have received 10 increments CALCULUS MADE EASY 132 of £10 each, or £100, making, with the original £100, a total of £200 in all. His property will have doubled itself in 10 years. If the rate of interest had been 5 per cent., he would have had to hoard for 20 years to double his",141-160,27.62
t-u09,test,UNSUPPORTED,UNRESOLVED,cooking,How do I bake a loaf of bread?,How do I bake a loaf of bread?,0.5560040473937988,0.5400098562240601,0.5372686386108398,0.01599419116973877,0.0,"that what one fool can do, other fools can do also , it lets you see that these mathematical swells, who pride themselves on having mastered such an awfully difficult subject as the calculus, have no such great reason to be puffed up. They like you to think how terribly difficult it is, and don’t want that superstition to be rudely dissipated. Thirdly, among the dreadful things they will say about “So Easy” is this: that there is an utter failure on the part of the author to demonstrate with rigid and satisfactory completeness the validity of sundry methods which he has presented in simple fashion, and has even dared to use in solving problems! But why should he not? You don’t forbid the use of a watch to every person who does not know how CALCULUS MADE EASY 248 to make one? You don’t object to the musician playing on a violin that he has not himself constructed. You don’t teach the rules of syntax to children until they have already become fluent in the useof speech. It would be equally absurd to require general rigid demonstrations to be expounded to beginners in the calculus. One other thing will the professed mathematicians say about this thoroughly bad and vicious book: that the reason why it is so easy is because the author has left out all the things that are really difficult. And the ghastly fact about this accusation is that— it is true! That is, indeed, why the book has been written—written for the legion of innocents who have hitherto been deterred from acquiring the elements of the calculus by the stupid way in which its teaching is almost al- ways presented. Any subject can be made repulsive by presenting it bristling with difficulties. The aim of this book is to enable beginners to learn its language, to acquire familiarity with its endearing sim- plicities, and to grasp its powerful methods of solving problems, with- out being compelled to toil through the intricate out-of-the-way (and mostly irrelevant) mathematical gymnastics so dear to the unpractical mathematician. There are amongst young engineers a number on whose ears the adage that what one fool can do, another can , may fall with a familiar sound. They are earnestly requested not to give the author away, nor to tell the mathematicians what a fool he really is. TABLE OF STANDARD FORMS. dy",241-260,28.23
t-u10,test,UNSUPPORTED,UNRESOLVED,travel,What should I pack for a beach picnic?,What should I pack for a beach picnic?,0.5046510696411133,0.487489253282547,0.48651161789894104,0.017161816358566284,0.0,"as a,b, orc; while those which we consider as capable of growing, or (as mathematicians say) of “varying,” we de- note by letters from the end of the alphabet, such as x,y,z,u,v,w, or sometimes t. Moreover, we are usually dealing with more than one variable at once, and thinking of the way in which one variable depends on the other: for instance, we think of the way in which the height reached by a projectile depends on the time of attaining that height. Or we are asked to consider a rectangle of given area, and to enquire how any increase in the length of it will compel a corresponding decrease in the breadth of it. Or we think of the way in which any variation in the slope of a ladder will cause the height that it reaches, to vary. Suppose we have got two such variables that depend one on the other. An alteration in one will bring about an alteration in the other, because of this dependence. Let us call one of the variables x, and the",1-20,28.72
t-a01,test,GENERAL_TASK,GENERAL_TASK,social,Tell me a clean joke.,Tell me a clean joke.,0.598294734954834,0.5868396162986755,0.5837854146957397,0.011455118656158447,0.0,"the amount you spend in a short CALCULUS MADE EASY 54 time dtbe called dy, the rateof spending it will bedy dt, or rather, should be written with a minus sign, as −dy dt, because dyis adecrement , not an increment. But money is not a good example for the calculus, because it generally comes and goes by jumps, not by a continuous flow—you may earn £200 a year, but it does not keep running in all day long in a thin stream; it comes in only weekly, or monthly, or quarterly, in lumps: and your expenditure also goes out in sudden payments. A more apt illustration of the idea of a rate is furnished by the speed of a moving body. From London (Euston station) to Liverpool is 200 miles. If a train leaves London at 7 o’clock, and reaches Liverpool at 11 o’clock, you know that, since it has travelled 200 miles in 4 hours, its average rate must have been 50 miles per hour; because200 4=50 1. Here you are really making a mental comparison between the distance passed over and the time taken to pass over it. You are dividing one by the other. If yis the whole distance, and tthe whole time, clearly the average rate isy t. Now the speed was not actually constant all the way: at starting, and during the slowing up at the end of the journey, the speed was less. Probably at some part, when running downhill, the speed was over 60 miles an hour. If, during any particular element of time dt, the corresponding element of distance passed over was dy, then at that part of the journey the speed wasdy dt. The rateat which one quantity (in the present instance, distance ) is changing in relation to the other quantity (in this case, time) is properly expressed, then, by stating the differential coefficient of one with respect to the other. Avelocity , scientifically expressed, is the rate at which a very small distance in any given direction is being passed over; and may therefore WHEN TIME VARIES 55 be written v=dy dt. But if the velocity vis not uniform, then it must be either increasing or else decreasing. The rate at which a velocity is increasing is called the acceleration . If a moving body is, at any particular instant, gaining an additional velocity dvin an element of",61-80,28.07
t-a02,test,GENERAL_TASK,GENERAL_TASK,writing,Write a short birthday greeting.,Write a short birthday greeting.,0.6449044942855835,0.6419927477836609,0.6328098177909851,0.0029117465019226074,0.0,"bol, you will henceforth know that it is put there merely to give you instructions that you are now to perform the operation (if you can) of totalling up all the little bits that are indicated by the symbols that follow. That’s all. CHAPTER II. ON DIFFERENT DEGREES OF SMALLNESS. Weshall find that in our processes of calculation we have to deal with small quantities of various degrees of smallness. We shall have also to learn under what circumstances we may con- sider small quantities to be so minute that we may omit them from consideration. Everything depends upon relative minuteness. Before we fix any rules let us think of some familiar cases. There are 60 minutes in the hour, 24 hours in the day, 7 days in the week. There are therefore 1440 minutes in the day and 10080 minutes in the week. Obviously 1 minute is a very small quantity of time compared with a whole week. Indeed, our forefathers considered it small as com- pared with an hour, and called it “one min` ute,” meaning a minute fraction—namely one sixtieth—of an hour. When they came to re- quire still smaller subdivisions of time, they divided each minute into 60 still smaller parts, which, in Queen Elizabeth’s days, they called “second min` utes” ( i.e.small quantities of the second order of minute- ness). Nowadays we call these small quantities of the second order of smallness “seconds.” But few people know whythey are so called. Now if one minute is so small as compared with a whole day, how CALCULUS MADE EASY 4 much smaller by comparison is one second! Again, think of a farthing as compared with a sovereign: it is barely worth more than1 1000part. A farthing more or less is of precious little importance compared with a sovereign: it may certainly be regarded as asmall quantity. But compare a farthing with £1000: relatively to this greater sum, the farthing is of no more importance than1 1000of a farthing would be to a sovereign. Even a golden sovereign is relatively a negligible quantity in the wealth of a millionaire. Now if we fix upon any numerical fraction as constituting the pro- portion which for any purpose we call relatively small, we can easily state other fractions of a higher degree of smallness. Thus if, for the purpose of time,1 60be called a small fraction, then1 60of1 60(being",1-20,27.87
t-a03,test,GENERAL_TASK,GENERAL_TASK,social,Say hello in a friendly way.,Say hello in a friendly way.,0.6105295419692993,0.5830538272857666,0.5802658200263977,0.027475714683532715,0.5,"as a,b, orc; while those which we consider as capable of growing, or (as mathematicians say) of “varying,” we de- note by letters from the end of the alphabet, such as x,y,z,u,v,w, or sometimes t. Moreover, we are usually dealing with more than one variable at once, and thinking of the way in which one variable depends on the other: for instance, we think of the way in which the height reached by a projectile depends on the time of attaining that height. Or we are asked to consider a rectangle of given area, and to enquire how any increase in the length of it will compel a corresponding decrease in the breadth of it. Or we think of the way in which any variation in the slope of a ladder will cause the height that it reaches, to vary. Suppose we have got two such variables that depend one on the other. An alteration in one will bring about an alteration in the other, because of this dependence. Let us call one of the variables x, and the",1-20,23.99
t-a04,test,GENERAL_TASK,GENERAL_TASK,writing,Give me a two-line study poem.,Give me a two-line study poem.,0.663748562335968,0.6428975462913513,0.6401435732841492,0.0208510160446167,0.2,"to the yfrom which it was derived. The contrast between the two processes may be illustrated by the following remark due to a well-known teacher. If a stranger were set down in Trafalgar Square, and told to find his way to Euston Station, he might find the task hopeless. But if he had previously been personally conducted from Euston Station to Trafalgar Square, it would be comparatively easy to him to find his way back to Euston Station. Integration of the Sum or Difference of two Functions. Letdy dx=x2+x3, then dy=x2dx+x3dx. CALCULUS MADE EASY 194 There is no reason why we should not integrate each term separately: for, as may be seen on p. 34, we found that when we differentiated the sum of two separate functions, the differential coefficient was simply the sum of the two separate differentiations. So, when we work backwards, integrating, the integration will be simply the sum of the two separate integrations. Our instructions will then be: Z dy=Z (x2+x3)dx =Z x2dx+Z x3dx y=1 3x3+1 4x4+C. If either of the terms had been a negative quantity, the correspond- ing term in the integral would have also been negative. So that differ- ences are as readily dealt with as sums. How to deal with Constant Terms. Suppose there is in the expression to be integrated a constant term— such as this: dy dx=xn+b. This is laughably easy. For you have only to remember that when you differentiated the expression y=ax, the result wasdy dx=a. Hence, when you work the other way and integrate, the constant reappears EASIEST INTEGRATIONS 195 multiplied by x. So we get dy=xndx+b·dx, Z dy=Z xndx+Z b dx, y=1 n+ 1xn+1+bx+C. Here are a lot of examples on which to try your newly acquired powers. Examples. (1) Givendy dx= 24x11. Find y. Ans.y= 2x12+C. (2) FindZ (a+b)(x+ 1)dx. It is ( a+b)Z (x+ 1)dx or ( a+b)Z x dx+Z dx or ( a+b)x2 2+x +C. (3) Givendu dt=gt1 2. Find u. Ans.u=2 3gt3 2+C. (4)dy dx=x3−x2+x. Find y. dy= (x3−x2+x)dxor dy=x3dx−x2dx+x dx;y=Z x3dx−Z x2dx+Z x dx; and y=1 4x4−1 3x3+1 2x2+C. (5) Integrate 9 .75x2.25dx. Ans.y= 3x3.25+C. CALCULUS MADE EASY 196 All these are easy enough. Let us try another case. Letdy dx=ax−1. Proceeding as before, we will write dy=ax−1·dx,Z dy=aZ x−1dx. Well, but what is the integral of x−1dx? If you look back amongst the results of differentiating x2andx3 andxn, etc., you",201-220,27.58
